sample_id,cluster,env_biome,group_biome,PC1,PC2,PC3,PC4,PC5,PC6,PC7,PC8,PC9,PC10,PCoA_Axis1,PCoA_Axis2,PCoA_Axis3,PCoA_Axis4,PCoA_Axis5,PCoA_Axis6,PCoA_Axis7,PCoA_Axis8,PCoA_Axis9,PCoA_Axis10,tSNE1,tSNE2
ERR1873185_F_filt.fastq.gz,17,Moist_tropical_forests,TROPICAL_FOREST,11.2038,-4.8446,2.7906,-4.3618,-3.0802,-2.1282,3.0106,-5.2202,3.8606,0.1207,-11.2038,4.8446,-2.7906,4.3618,-3.0802,-2.1282,3.0106,5.2202,-3.8606,0.1207,-5.7999,8.6426
ERR1873186_F_filt.fastq.gz,17,Moist_tropical_forests,TROPICAL_FOREST,7.5057,-3.3051,-0.2837,-7.2432,-2.8696,-0.0846,3.4473,-1.1588,1.1542,-1.7632,-7.5057,3.3051,0.2837,7.2432,-2.8696,-0.0846,3.4473,1.1588,-1.1542,-1.7632,-5.4964,7.5673
ERR1873188_F_filt.fastq.gz,17,Moist_tropical_forests,TROPICAL_FOREST,11.2335,-5.5357,2.6101,-6.621,-1.8724,1.2701,2.6879,-3.3863,1.681,0.6811,-11.2335,5.5357,-2.6101,6.621,-1.8724,1.2701,2.6879,3.3863,-1.681,0.6811,-5.1272,8.4884
ERR1873190_F_filt.fastq.gz,17,Moist_tropical_forests,TROPICAL_FOREST,12.158,-4.8545,-0.0753,-3.8806,-2.6437,-2.886,3.5978,-2.4825,4.0141,0.6459,-12.158,4.8545,0.0753,3.8806,-2.6437,-2.886,3.5978,2.4825,-4.0141,0.6459,-6.1033,8.3001
ERR1873193_F_filt.fastq.gz,17,Tropical_montane_forests,TROPICAL_FOREST,18.5515,1.0754,1.8397,-2.0383,0.0009,0.2256,-1.1126,-1.5929,0.8046,4.087,-18.5515,-1.0754,-1.8397,2.0383,0.0009,0.2256,-1.1126,1.5929,-0.8046,4.087,-4.3296,6.016
ERR1873194_F_filt.fastq.gz,17,Tropical_montane_forests,TROPICAL_FOREST,12.6587,-1.8958,-2.4164,-5.2235,-4.1339,-0.5941,2.1969,0.0192,-0.45,-0.0414,-12.6587,1.8958,2.4164,5.2235,-4.1339,-0.5941,2.1969,-0.0192,0.45,-0.0414,-6.4318,6.8204
ERR1873195_F_filt.fastq.gz,16,Temperate_coniferous_forests,TEMPERATE_FOREST,16.6502,-0.5169,-8.3862,-2.5215,0.4419,-2.3925,2.9566,2.9895,-4.5979,1.8838,-16.6502,0.5169,8.3862,2.5215,0.4419,-2.3925,2.9566,-2.9895,4.5979,1.8838,-8.6123,5.8019
ERR1873196_F_filt.fastq.gz,8,Temperate_deciduous_forests,TEMPERATE_FOREST,-15.8459,9.361,3.0111,-6.1783,2.582,-1.8435,-2.6656,1.0843,-1.6685,0.009,15.8459,-9.361,-3.0111,6.1783,2.582,-1.8435,-2.6656,-1.0843,1.6685,0.009,6.5806,-5.4245
ERR1873197_F_filt.fastq.gz,13,Temperate_deciduous_forests,TEMPERATE_FOREST,10.423,6.4273,-2.0313,5.5801,-0.147,-0.3283,-1.5673,0.0104,1.2258,-0.9352,-10.423,-6.4273,2.0313,-5.5801,-0.147,-0.3283,-1.5673,-0.0104,-1.2258,-0.9352,-3.4462,3.2811
ERR1873198_F_filt.fastq.gz,6,Mediterrean,MEDITERRANEAN,1.2297,-2.5777,-0.1024,7.8962,-3.0591,1.3536,-5.9836,1.5912,-3.8073,-3.3524,-1.2297,2.5777,0.1024,-7.8962,-3.0591,1.3536,-5.9836,-1.5912,3.8073,-3.3524,-3.7803,0.0863
ERR1873199_F_filt.fastq.gz,5,Mediterrean,MEDITERRANEAN,9.0451,3.5824,-4.9755,4.3908,-7.0613,8.3764,2.2177,5.2614,0.5454,-8.0826,-9.0451,-3.5824,4.9755,-4.3908,-7.0613,8.3764,2.2177,-5.2614,-0.5454,-8.0826,-6.2114,2.3381
ERR1873201_F_filt.fastq.gz,5,Mediterrean,MEDITERRANEAN,11.6657,0.4088,-4.6243,1.923,-1.6168,2.2821,3.3601,6.1549,-2.7791,-2.5573,-11.6657,-0.4088,4.6243,-1.923,-1.6168,2.2821,3.3601,-6.1549,2.7791,-2.5573,-6.0193,2.411
ERR1873202_F_filt.fastq.gz,6,Mediterrean,MEDITERRANEAN,2.2366,-5.7505,-8.3649,9.4972,-3.9831,0.6005,-3.2587,2.414,-2.049,-1.7726,-2.2366,5.7505,8.3649,-9.4972,-3.9831,0.6005,-3.2587,-2.414,2.049,-1.7726,-3.9935,-0.5155
ERR1873203_F_filt.fastq.gz,18,Mediterrean,MEDITERRANEAN,-4.3852,-9.2262,-11.2922,10.0346,-2.6222,2.8869,-5.9527,1.5134,-2.7856,-6.8249,4.3852,9.2262,11.2922,-10.0346,-2.6222,2.8869,-5.9527,-1.5134,2.7856,-6.8249,-3.9468,-0.7151
ERR1873204_F_filt.fastq.gz,17,Moist_tropical_forests,TROPICAL_FOREST,12.0857,-1.8075,10.2411,-3.4332,1.7708,4.9353,-3.9373,-0.0999,1.5389,0.8399,-12.0857,1.8075,-10.2411,3.4332,1.7708,4.9353,-3.9373,0.0999,-1.5389,0.8399,-2.3167,9.6902
ERR1873205_F_filt.fastq.gz,17,Moist_tropical_forests,TROPICAL_FOREST,10.8177,-2.7781,11.2559,-4.0397,2.3885,5.6237,-7.3671,-2.1897,-0.3357,-0.8605,-10.8177,2.7781,-11.2559,4.0397,2.3885,5.6237,-7.3671,2.1897,0.3357,-0.8605,-2.2141,9.2484
ERR1873206_F_filt.fastq.gz,17,Moist_tropical_forests,TROPICAL_FOREST,12.6843,-3.4577,9.7302,-3.8738,0.6945,7.8949,-5.7098,-2.3185,0.9226,-0.991,-12.6843,3.4577,-9.7302,3.8738,0.6945,7.8949,-5.7098,2.3185,-0.9226,-0.991,-2.2731,9.2833
ERR1873207_F_filt.fastq.gz,4,Moist_tropical_forests,TROPICAL_FOREST,2.8888,-3.7184,8.9297,4.7111,0.6728,5.249,-1.5048,2.0669,-0.5696,-0.0927,-2.8888,3.7184,-8.9297,-4.7111,0.6728,5.249,-1.5048,-2.0669,0.5696,-0.0927,-1.3738,-1.5223
ERR1873208_F_filt.fastq.gz,14,Moist_tropical_forests,TROPICAL_FOREST,-12.5129,0.2674,6.7515,-0.3193,-3.2937,-1.9742,2.4982,6.1549,3.9997,0.2922,12.5129,-0.2674,-6.7515,0.3193,-3.2937,-1.9742,2.4982,-6.1549,-3.9997,0.2922,2.21,-4.6049
ERR1873209_F_filt.fastq.gz,14,Moist_tropical_forests,TROPICAL_FOREST,-11.9973,-7.3138,5.6994,1.7925,-1.7968,-1.8148,3.4269,5.1532,-0.3138,1.5759,11.9973,7.3138,-5.6994,-1.7925,-1.7968,-1.8148,3.4269,-5.1532,0.3138,1.5759,0.958,-5.2328
ERR1873212_F_filt.fastq.gz,17,Moist_tropical_forests,TROPICAL_FOREST,10.5571,-3.1281,3.9921,-4.0389,-2.3464,2.4461,-2.9118,-0.6301,-0.7746,-0.8868,-10.5571,3.1281,-3.9921,4.0389,-2.3464,2.4461,-2.9118,0.6301,0.7746,-0.8868,-2.5736,7.5487
ERR1873213_F_filt.fastq.gz,9,Tropical_montane_forests,TROPICAL_FOREST,1.7617,3.6326,3.469,0.6074,1.6048,2.55,0.95,-1.1462,-3.228,-0.0989,-1.7617,-3.6326,-3.469,-0.6074,1.6048,2.55,0.95,1.1462,3.228,-0.0989,0.2499,0.8337
ERR1873215_F_filt.fastq.gz,17,Grasslands_and_shrublands,GRASSLAND_SHRUBLAND,9.1975,2.7043,7.7538,-2.482,0.1321,-0.9482,-3.8494,-3.897,3.4988,-0.84,-9.1975,-2.7043,-7.7538,2.482,0.1321,-0.9482,-3.8494,3.897,-3.4988,-0.84,-2.9215,6.3764
ERR1873218_F_filt.fastq.gz,17,Tropical_montane_forests,TROPICAL_FOREST,9.8453,0.7114,3.4447,-2.4382,-0.0805,1.4426,-2.0835,0.388,3.6685,2.3227,-9.8453,-0.7114,-3.4447,2.4382,-0.0805,1.4426,-2.0835,-0.388,-3.6685,2.3227,-3.2161,5.2097
ERR1873219_F_filt.fastq.gz,9,Tropical_montane_forests,TROPICAL_FOREST,4.5756,2.7272,0.7922,-1.7359,-1.3264,-0.8127,-1.3777,3.6935,-0.738,-1.3815,-4.5756,-2.7272,-0.7922,1.7359,-1.3264,-0.8127,-1.3777,-3.6935,0.738,-1.3815,-2.0589,4.8224
ERR1873220_F_filt.fastq.gz,8,Temperate_deciduous_forests,TEMPERATE_FOREST,-11.3659,6.7568,1.0272,-8.4978,-5.2905,-1.8229,-0.9743,0.3593,-1.9965,-2.5977,11.3659,-6.7568,-1.0272,8.4978,-5.2905,-1.8229,-0.9743,-0.3593,1.9965,-2.5977,7.4742,-4.9457
ERR1873221_F_filt.fastq.gz,17,Savannas,GRASSLAND_SHRUBLAND,10.0824,-13.9193,1.2568,-1.9673,1.5438,-2.6725,1.9821,-5.9592,-3.409,-4.826,-10.0824,13.9193,-1.2568,1.9673,1.5438,-2.6725,1.9821,5.9592,3.409,-4.826,-5.1248,-2.5298
ERR1873222_F_filt.fastq.gz,1,Savannas,GRASSLAND_SHRUBLAND,4.2247,-14.1821,0.7362,4.0232,2.2305,-6.2619,-1.2281,-7.3988,-3.9971,-4.3077,-4.2247,14.1821,-0.7362,-4.0232,2.2305,-6.2619,-1.2281,7.3988,3.9971,-4.3077,-4.5195,-3.1322
ERR1873223_F_filt.fastq.gz,17,Savannas,GRASSLAND_SHRUBLAND,8.0944,-9.8331,3.2169,-0.583,-0.9147,-1.2937,-0.503,-4.4061,-2.2507,-1.19,-8.0944,9.8331,-3.2169,0.583,-0.9147,-1.2937,-0.503,4.4061,2.2507,-1.19,-5.0842,-2.3177
ERR1873225_F_filt.fastq.gz,16,Temperate_coniferous_forests,TEMPERATE_FOREST,14.0897,-0.5245,-6.9141,-4.9483,-3.0558,-1.9996,3.5665,2.4422,-1.7204,-1.2102,-14.0897,0.5245,6.9141,4.9483,-3.0558,-1.9996,3.5665,-2.4422,1.7204,-1.2102,-7.4653,5.8712
ERR1873226_F_filt.fastq.gz,9,Temperate_coniferous_forests,TEMPERATE_FOREST,-3.041,8.4598,-3.557,2.7094,1.4239,-0.0667,3.9425,2.6757,-3.6412,-7.2799,3.041,-8.4598,3.557,-2.7094,1.4239,-0.0667,3.9425,-2.6757,3.6412,-7.2799,2.8788,3.838
ERR1873231_F_filt.fastq.gz,16,Boreal_forests,BOREAL_FOREST,13.7446,-0.3295,-7.8148,-4.2016,-0.8932,-2.2975,5.266,1.8074,-2.3738,-1.7539,-13.7446,0.3295,7.8148,4.2016,-0.8932,-2.2975,5.266,-1.8074,2.3738,-1.7539,-7.6729,5.4807
ERR1873232_F_filt.fastq.gz,16,Boreal_forests,BOREAL_FOREST,11.0056,3.7479,-2.2539,-1.3202,-2.6896,-4.8926,-0.7037,-2.1292,2.4181,1.5711,-11.0056,-3.7479,2.2539,1.3202,-2.6896,-4.8926,-0.7037,2.1292,-2.4181,1.5711,-4.9694,4.6075
ERR1873233_F_filt.fastq.gz,16,Boreal_forests,BOREAL_FOREST,15.5567,-1.9153,-6.7234,-5.1396,-1.6537,-5.3197,5.1109,2.9467,0.9892,-2.8234,-15.5567,1.9153,6.7234,5.1396,-1.6537,-5.3197,5.1109,-2.9467,-0.9892,-2.8234,-7.3218,5.4753
ERR1873234_F_filt.fastq.gz,16,Boreal_forests,BOREAL_FOREST,17.5407,0.3854,-6.2135,-4.9553,-0.818,-3.7742,2.0089,-2.089,-0.5227,1.6142,-17.5407,-0.3854,6.2135,4.9553,-0.818,-3.7742,2.0089,2.089,0.5227,1.6142,-8.0298,4.6909
ERR1873235_F_filt.fastq.gz,14,Moist_tropical_forests,TROPICAL_FOREST,-2.4435,1.2175,13.9057,-1.5955,2.5007,-1.9212,0.2125,3.6255,0.0104,-2.359,2.4435,-1.2175,-13.9057,1.5955,2.5007,-1.9212,0.2125,-3.6255,-0.0104,-2.359,0.4648,-2.9988
ERR1873236_F_filt.fastq.gz,17,Tropical_montane_forests,TROPICAL_FOREST,15.171,-1.1116,2.5601,-3.348,-2.0988,1.943,-2.1646,-2.1606,2.2448,2.3491,-15.171,1.1116,-2.5601,3.348,-2.0988,1.943,-2.1646,2.1606,-2.2448,2.3491,-4.2052,6.4277
ERR1873237_F_filt.fastq.gz,19,Temperate_deciduous_forests,TEMPERATE_FOREST,-0.2512,9.1915,5.2368,-2.0637,4.2999,-3.4063,-6.6607,1.5105,-0.8491,0.0505,0.2512,-9.1915,-5.2368,2.0637,4.2999,-3.4063,-6.6607,-1.5105,0.8491,0.0505,4.0761,0.8459
ERR1873239_F_filt.fastq.gz,1,Dry_tropical_forests,TROPICAL_FOREST,-4.8091,-10.579,4.6479,3.8539,-0.6742,-2.7144,-1.1772,2.531,-2.7048,-0.1622,4.8091,10.579,-4.6479,-3.8539,-0.6742,-2.7144,-1.1772,-2.531,2.7048,-0.1622,-1.1803,-5.4896
ERR1873240_F_filt.fastq.gz,14,Moist_tropical_forests,TROPICAL_FOREST,-7.3114,0.6599,10.9473,6.7589,-0.355,0.6038,-1.0743,4.8026,0.7311,-2.8202,7.3114,-0.6599,-10.9473,-6.7589,-0.355,0.6038,-1.0743,-4.8026,-0.7311,-2.8202,0.9569,-3.528
ERR1873241_F_filt.fastq.gz,14,Moist_tropical_forests,TROPICAL_FOREST,-7.6648,1.5599,6.062,1.7008,1.6447,-1.1371,0.5879,3.8445,1.1005,-0.9477,7.6648,-1.5599,-6.062,-1.7008,1.6447,-1.1371,0.5879,-3.8445,-1.1005,-0.9477,1.9408,-3.2701
ERR1873242_F_filt.fastq.gz,14,Moist_tropical_forests,TROPICAL_FOREST,-4.0023,-1.169,9.3607,6.0153,2.3634,-4.1474,0.1603,3.8497,0.0427,-4.4658,4.0023,1.169,-9.3607,-6.0153,2.3634,-4.1474,0.1603,-3.8497,-0.0427,-4.4658,0.9079,-3.3265
ERR1873243_F_filt.fastq.gz,14,Dry_tropical_forests,TROPICAL_FOREST,-2.7553,-2.5916,6.2934,1.4202,1.9455,-2.5849,2.563,6.7335,1.6366,-1.1431,2.7553,2.5916,-6.2934,-1.4202,1.9455,-2.5849,2.563,-6.7335,-1.6366,-1.1431,0.9034,-2.6868
ERR1873244_F_filt.fastq.gz,7,Temperate_deciduous_forests,TEMPERATE_FOREST,-11.9458,-1.6544,-1.3672,-4.1706,-3.4442,-2.007,-2.0941,-2.8378,-4.6348,9.8816,11.9458,1.6544,1.3672,4.1706,-3.4442,-2.007,-2.0941,2.8378,4.6348,9.8816,8.2286,-3.2109
ERR1873245_F_filt.fastq.gz,7,Temperate_deciduous_forests,TEMPERATE_FOREST,-10.4086,-0.3741,0.8406,-8.2862,-2.401,1.9829,6.0658,5.4727,-2.5572,0.301,10.4086,0.3741,-0.8406,8.2862,-2.401,1.9829,6.0658,-5.4727,2.5572,0.301,8.6878,-6.705
ERR1873246_F_filt.fastq.gz,8,Temperate_deciduous_forests,TEMPERATE_FOREST,-9.8586,4.3885,3.6921,-7.1304,6.5902,1.1161,-2.9635,3.056,2.0367,-3.7728,9.8586,-4.3885,-3.6921,7.1304,6.5902,1.1161,-2.9635,-3.056,-2.0367,-3.7728,6.3485,-4.2518
ERR1873247_F_filt.fastq.gz,12,Dry_tropical_forests,TROPICAL_FOREST,-5.3428,-3.835,2.6067,3.7563,-9.5962,8.0036,2.4569,2.3517,-8.4282,6.8642,5.3428,3.835,-2.6067,-3.7563,-9.5962,8.0036,2.4569,-2.3517,8.4282,6.8642,7.7981,0.5305
ERR1873248_F_filt.fastq.gz,17,Moist_tropical_forests,TROPICAL_FOREST,15.146,-1.0052,2.7144,-5.2188,-1.8156,3.1193,-1.9388,-1.7094,-1.3374,2.792,-15.146,1.0052,-2.7144,5.2188,-1.8156,3.1193,-1.9388,1.7094,1.3374,2.792,-4.1697,7.0323
ERR1873249_F_filt.fastq.gz,17,Savannas,GRASSLAND_SHRUBLAND,8.6264,-5.4909,3.7218,-1.6445,-0.6237,-0.1064,-4.4704,-0.4404,-3.6321,0.0727,-8.6264,5.4909,-3.7218,1.6445,-0.6237,-0.1064,-4.4704,0.4404,3.6321,0.0727,-2.0666,7.6123
ERR1873250_F_filt.fastq.gz,17,Dry_tropical_forests,TROPICAL_FOREST,9.8645,-1.3287,-0.0603,-3.4146,-0.8791,3.4905,-2.0307,-0.3832,-4.5751,3.6265,-9.8645,1.3287,0.0603,3.4146,-0.8791,3.4905,-2.0307,0.3832,4.5751,3.6265,-1.5491,6.9115
ERR1873252_F_filt.fastq.gz,13,Boreal_forests,BOREAL_FOREST,4.327,6.1272,1.9827,4.421,1.0908,1.6355,-4.4364,6.349,-2.6613,1.6282,-4.327,-6.1272,-1.9827,-4.421,1.0908,1.6355,-4.4364,-6.349,2.6613,1.6282,-2.3981,1.8426
ERR1873253_F_filt.fastq.gz,8,Temperate_deciduous_forests,TEMPERATE_FOREST,-10.1221,7.2337,0.9218,-0.622,-2.4367,0.9104,-1.5183,-1.0805,-2.0986,-1.2475,10.1221,-7.2337,-0.9218,0.622,-2.4367,0.9104,-1.5183,1.0805,2.0986,-1.2475,7.058,-4.0037
ERR1873254_F_filt.fastq.gz,8,Temperate_deciduous_forests,TEMPERATE_FOREST,-14.2304,3.1652,3.0952,-7.4822,1.0886,-2.8955,0.5935,2.0352,-4.6144,-0.7147,14.2304,-3.1652,-3.0952,7.4822,1.0886,-2.8955,0.5935,-2.0352,4.6144,-0.7147,6.4394,-6.5313
ERR1873255_F_filt.fastq.gz,8,Temperate_deciduous_forests,TEMPERATE_FOREST,-13.6154,5.8774,1.1148,-7.1959,0.684,-1.1415,-0.1367,0.1583,-5.6457,2.9107,13.6154,-5.8774,-1.1148,7.1959,0.684,-1.1415,-0.1367,-0.1583,5.6457,2.9107,6.9048,-6.3403
ERR1873256_F_filt.fastq.gz,17,Temperate_deciduous_forests,TEMPERATE_FOREST,9.7321,0.0544,1.6377,-1.685,0.1977,0.4936,-5.1104,-0.0682,1.1455,0.2759,-9.7321,-0.0544,-1.6377,1.685,0.1977,0.4936,-5.1104,0.0682,-1.1455,0.2759,-2.612,5.5834
ERR1873257_F_filt.fastq.gz,13,Boreal_forests,BOREAL_FOREST,6.6849,8.3612,1.0291,6.0171,0.5694,-0.9795,-5.0683,0.6051,2.0563,4.3142,-6.6849,-8.3612,-1.0291,-6.0171,0.5694,-0.9795,-5.0683,-0.6051,-2.0563,4.3142,-1.4403,2.3065
ERR1873258_F_filt.fastq.gz,2,Temperate_deciduous_forests,TEMPERATE_FOREST,-15.8379,-3.9763,0.1899,-5.8388,-1.8904,-0.9965,2.2851,3.2929,1.149,1.4012,15.8379,3.9763,-0.1899,5.8388,-1.8904,-0.9965,2.2851,-3.2929,-1.149,1.4012,5.1778,-7.9148
ERR1873259_F_filt.fastq.gz,17,Moist_tropical_forests,TROPICAL_FOREST,10.7352,-3.6778,6.135,-6.9832,1.8651,7.058,-2.33,-1.1985,0.0794,-0.1735,-10.7352,3.6778,-6.135,6.9832,1.8651,7.058,-2.33,1.1985,-0.0794,-0.1735,-3.0354,8.7888
ERR1873260_F_filt.fastq.gz,18,Mediterrean,MEDITERRANEAN,-17.0004,-10.6101,-5.0585,-6.4035,3.2913,0.1126,-5.4564,8.2885,3.7189,3.1451,17.0004,10.6101,5.0585,6.4035,3.2913,0.1126,-5.4564,-8.2885,-3.7189,3.1451,5.4564,-9.512
ERR1873262_F_filt.fastq.gz,17,Moist_tropical_forests,TROPICAL_FOREST,14.7015,-4.203,6.8506,-6.281,-1.5703,3.3653,-0.6838,-4.9456,4.1197,0.1128,-14.7015,4.203,-6.8506,6.281,-1.5703,3.3653,-0.6838,4.9456,-4.1197,0.1128,-4.1581,8.2505
ERR1873263_F_filt.fastq.gz,12,Savannas,GRASSLAND_SHRUBLAND,0.0456,-0.3299,-0.8043,8.5165,-2.2655,6.4591,-0.9834,7.9519,0.6771,-5.3051,-0.0456,0.3299,0.8043,-8.5165,-2.2655,6.4591,-0.9834,-7.9519,-0.6771,-5.3051,-2.0738,-0.1773
ERR1873264_F_filt.fastq.gz,17,Southern_temperate_forests,TEMPERATE_FOREST,13.0329,-0.757,2.3803,1.7689,3.3124,1.2527,-3.5836,0.7405,-1.2747,2.6165,-13.0329,0.757,-2.3803,-1.7689,3.3124,1.2527,-3.5836,-0.7405,1.2747,2.6165,-3.4872,5.2697
ERR1873265_F_filt.fastq.gz,1,Savannas,GRASSLAND_SHRUBLAND,4.5424,-9.4887,2.2794,11.6848,1.5396,-2.9727,-3.4213,0.6048,-5.1571,2.3189,-4.5424,9.4887,-2.2794,-11.6848,1.5396,-2.9727,-3.4213,-0.6048,5.1571,2.3189,-2.937,-3.1967
ERR1873267_F_filt.fastq.gz,14,Temperate_deciduous_forests,TEMPERATE_FOREST,-10.7048,-2.4148,8.4542,2.9615,-11.616,5.5614,4.2639,3.4267,-0.6803,5.4866,10.7048,2.4148,-8.4542,-2.9615,-11.616,5.5614,4.2639,-3.4267,0.6803,5.4866,1.8204,-6.0052
ERR1873268_F_filt.fastq.gz,16,Southern_temperate_forests,TEMPERATE_FOREST,15.297,0.8166,-3.7889,-5.9553,-2.5551,-1.0666,1.7861,0.8847,4.6689,-3.4808,-15.297,-0.8166,3.7889,5.9553,-2.5551,-1.0666,1.7861,-0.8847,-4.6689,-3.4808,-5.992,5.4541
ERR1873269_F_filt.fastq.gz,13,Southern_temperate_forests,TEMPERATE_FOREST,-2.2675,5.5317,-0.8658,5.9226,-0.7425,-2.5765,-1.9279,0.0096,5.7586,2.3372,2.2675,-5.5317,0.8658,-5.9226,-0.7425,-2.5765,-1.9279,-0.0096,-5.7586,2.3372,1.4829,1.4898
ERR1873270_F_filt.fastq.gz,3,Southern_temperate_forests,TEMPERATE_FOREST,3.9986,9.323,-6.5087,10.408,-0.9923,-2.4107,0.3247,-0.0532,7.0109,-0.3189,-3.9986,-9.323,6.5087,-10.408,-0.9923,-2.4107,0.3247,0.0532,-7.0109,-0.3189,0.7626,2.1623
ERR1873271_F_filt.fastq.gz,3,Southern_temperate_forests,TEMPERATE_FOREST,8.7519,4.1454,-4.8769,11.8402,-0.9889,-3.748,-6.3872,4.6618,0.6297,3.5843,-8.7519,-4.1454,4.8769,-11.8402,-0.9889,-3.748,-6.3872,-4.6618,-0.6297,3.5843,-1.1254,2.6445
ERR1873272_F_filt.fastq.gz,10,Southern_temperate_forests,TEMPERATE_FOREST,6.1261,10.9924,-7.8969,10.4161,-0.995,-3.9106,-2.3862,2.0156,6.0884,-1.6106,-6.1261,-10.9924,7.8969,-10.4161,-0.995,-3.9106,-2.3862,-2.0156,-6.0884,-1.6106,-0.2275,2.5816
ERR1873273_F_filt.fastq.gz,13,Southern_temperate_forests,TEMPERATE_FOREST,2.91,7.0239,-1.7075,2.2348,-4.0703,-1.3259,-3.976,-1.6759,2.8925,1.0014,-2.91,-7.0239,1.7075,-2.2348,-4.0703,-1.3259,-3.976,1.6759,-2.8925,1.0014,1.8616,0.6328
ERR1873275_F_filt.fastq.gz,17,Moist_tropical_forests,TROPICAL_FOREST,7.8581,-2.264,8.5684,-4.1161,2.061,2.4059,-2.6598,-4.3256,4.5492,1.3987,-7.8581,2.264,-8.5684,4.1161,2.061,2.4059,-2.6598,4.3256,-4.5492,1.3987,-3.4536,9.3143
ERR1873276_F_filt.fastq.gz,12,Temperate_coniferous_forests,TEMPERATE_FOREST,-6.8859,2.3799,4.9483,0.8158,5.1508,-0.375,3.8705,7.1368,-0.0401,-1.3167,6.8859,-2.3799,-4.9483,-0.8158,5.1508,-0.375,3.8705,-7.1368,0.0401,-1.3167,2.9052,-3.6513
ERR1873277_F_filt.fastq.gz,16,Boreal_forests,BOREAL_FOREST,13.9414,3.2147,-4.9862,2.8824,1.8085,-6.5926,3.176,1.3451,-0.2344,4.3266,-13.9414,-3.2147,4.9862,-2.8824,1.8085,-6.5926,3.176,-1.3451,0.2344,4.3266,-8.5157,7.5016
ERR1873278_F_filt.fastq.gz,10,Boreal_forests,BOREAL_FOREST,12.1012,5.0798,-3.947,3.5884,1.2794,1.3285,-1.3945,1.898,-0.4711,4.8083,-12.1012,-5.0798,3.947,-3.5884,1.2794,1.3285,-1.3945,-1.898,0.4711,4.8083,-2.5843,3.2689
ERR1873279_F_filt.fastq.gz,2,Temperate_coniferous_forests,TEMPERATE_FOREST,-14.7042,1.7985,-2.9576,1.9514,-6.9847,-1.4402,3.592,-7.3425,2.0684,-0.9481,14.7042,-1.7985,2.9576,-1.9514,-6.9847,-1.4402,3.592,7.3425,-2.0684,-0.9481,3.6971,-7.2505
ERR1873280_F_filt.fastq.gz,2,Temperate_deciduous_forests,TEMPERATE_FOREST,-13.7018,-1.1995,1.1354,5.2215,-4.1322,-2.0884,1.1804,-5.0369,4.9957,2.2551,13.7018,1.1995,-1.1354,-5.2215,-4.1322,-2.0884,1.1804,5.0369,-4.9957,2.2551,3.5382,-6.9522
ERR1873282_F_filt.fastq.gz,16,Temperate_deciduous_forests,TEMPERATE_FOREST,15.9293,-1.8617,-6.1762,-3.6806,-1.6245,-2.2609,3.606,0.1219,0.5348,-0.8429,-15.9293,1.8617,6.1762,3.6806,-1.6245,-2.2609,3.606,-0.1219,-0.5348,-0.8429,-7.3245,4.7775
ERR1873283_F_filt.fastq.gz,2,Temperate_deciduous_forests,TEMPERATE_FOREST,-15.8693,2.915,-5.9976,-6.2558,-5.8118,-0.0509,-5.0499,-4.1545,0.1512,1.0074,15.8693,-2.915,5.9976,6.2558,-5.8118,-0.0509,-5.0499,4.1545,-0.1512,1.0074,7.5874,-8.0896
ERR1873284_F_filt.fastq.gz,18,Temperate_deciduous_forests,TEMPERATE_FOREST,-5.713,-9.2405,-8.3095,4.783,0.9314,2.4552,-7.1536,0.2299,-0.614,-5.5835,5.713,9.2405,8.3095,-4.783,0.9314,2.4552,-7.1536,-0.2299,0.614,-5.5835,-2.4725,-6.3046
ERR1873286_F_filt.fastq.gz,13,Temperate_coniferous_forests,TEMPERATE_FOREST,5.4534,8.6052,-2.2243,7.4787,-0.2006,3.8302,-3.0641,4.3982,2.7037,-0.989,-5.4534,-8.6052,2.2243,-7.4787,-0.2006,3.8302,-3.0641,-4.3982,-2.7037,-0.989,-2.5311,2.5947
ERR1873287_F_filt.fastq.gz,13,Boreal_forests,BOREAL_FOREST,4.2658,6.5659,-4.1163,8.0829,-3.9675,-4.6204,-2.0573,2.6497,4.7124,-0.4616,-4.2658,-6.5659,4.1163,-8.0829,-3.9675,-4.6204,-2.0573,-2.6497,-4.7124,-0.4616,-0.4854,2.5311
ERR1873289_F_filt.fastq.gz,6,Mediterrean,MEDITERRANEAN,8.879,2.7115,-1.3469,6.3704,-2.3319,2.4492,-1.9027,4.3679,-4.1785,-4.9658,-8.879,-2.7115,1.3469,-6.3704,-2.3319,2.4492,-1.9027,-4.3679,4.1785,-4.9658,-5.057,1.8428
ERR1873291_F_filt.fastq.gz,14,Moist_tropical_forests,TROPICAL_FOREST,-4.6538,-0.3034,7.3671,2.6796,-2.9601,-4.7884,0.7327,-2.1861,3.6517,-1.3768,4.6538,0.3034,-7.3671,-2.6796,-2.9601,-4.7884,0.7327,2.1861,-3.6517,-1.3768,1.3934,-3.6142
ERR1873293_F_filt.fastq.gz,6,Temperate_coniferous_forests,TEMPERATE_FOREST,2.6722,-0.6993,-8.9496,9.503,-0.3535,0.4433,-2.1051,4.4845,-3.3306,-1.872,-2.6722,0.6993,8.9496,-9.503,-0.3535,0.4433,-2.1051,-4.4845,3.3306,-1.872,-4.124,1.4928
ERR1873294_F_filt.fastq.gz,2,Temperate_deciduous_forests,TEMPERATE_FOREST,-15.2902,-3.1107,-2.2269,3.5754,-1.2414,-2.4499,-3.599,-0.8584,0.4544,-4.7219,15.2902,3.1107,2.2269,-3.5754,-1.2414,-2.4499,-3.599,0.8584,-0.4544,-4.7219,1.9637,-7.9888
ERR1873295_F_filt.fastq.gz,17,Temperate_deciduous_forests,TEMPERATE_FOREST,13.7183,2.2018,0.7973,3.4031,1.1902,-5.8,3.3869,-1.8414,-0.8602,2.3276,-13.7183,-2.2018,-0.7973,-3.4031,1.1902,-5.8,3.3869,1.8414,0.8602,2.3276,-8.0896,7.9324
ERR1873296_F_filt.fastq.gz,13,Arctic_tundra,ARCTIC_TUNDRA,9.0847,6.8762,-3.8,4.4913,-1.5426,-5.6825,-5.4851,-1.5583,1.3739,5.6201,-9.0847,-6.8762,3.8,-4.4913,-1.5426,-5.6825,-5.4851,1.5583,-1.3739,5.6201,-1.7817,3.2845
ERR1873297_F_filt.fastq.gz,6,Tropical_montane_forests,TROPICAL_FOREST,0.8546,-3.6271,-2.2374,10.1621,-7.8635,-0.8878,-4.4397,-0.8013,-2.8925,0.6042,-0.8546,3.6271,2.2374,-10.1621,-7.8635,-0.8878,-4.4397,0.8013,2.8925,0.6042,0.355,3.9672
ERR1873298_F_filt.fastq.gz,16,Southern_temperate_forests,TEMPERATE_FOREST,12.0982,0.6244,-6.0829,-7.0668,-0.9497,-0.995,4.9146,2.7317,0.2211,-1.9594,-12.0982,-0.6244,6.0829,7.0668,-0.9497,-0.995,4.9146,-2.7317,-0.2211,-1.9594,-6.8106,5.0274
ERR1873301_F_filt.fastq.gz,14,Moist_tropical_forests,TROPICAL_FOREST,-6.0507,-1.1746,10.8296,6.9237,-2.7738,-2.1279,1.8914,0.4444,-0.1384,-2.391,6.0507,1.1746,-10.8296,-6.9237,-2.7738,-2.1279,1.8914,-0.4444,0.1384,-2.391,0.6285,-4.0714
ERR1873302_F_filt.fastq.gz,1,Moist_tropical_forests,TROPICAL_FOREST,3.6654,-5.7924,5.9764,6.4022,-0.7804,-0.9727,-3.0938,1.3734,-3.362,-0.4073,-3.6654,5.7924,-5.9764,-6.4022,-0.7804,-0.9727,-3.0938,-1.3734,3.362,-0.4073,-1.5676,-1.7923
ERR1873303_F_filt.fastq.gz,13,Southern_temperate_forests,TEMPERATE_FOREST,2.6159,6.6508,1.756,5.6727,-2.7824,2.803,-4.0451,3.0874,4.1088,-2.0943,-2.6159,-6.6508,-1.756,-5.6727,-2.7824,2.803,-4.0451,-3.0874,-4.1088,-2.0943,-1.3554,1.61
ERR1873304_F_filt.fastq.gz,17,Southern_temperate_forests,TEMPERATE_FOREST,14.4292,0.7699,4.9157,-1.9829,-0.4738,3.2377,-5.3978,1.1034,3.0764,-2.9459,-14.4292,-0.7699,-4.9157,1.9829,-0.4738,3.2377,-5.3978,-1.1034,-3.0764,-2.9459,-3.1792,6.4589
ERR1873305_F_filt.fastq.gz,2,Temperate_deciduous_forests,TEMPERATE_FOREST,-14.8793,6.1669,4.1931,3.3503,-4.7371,-4.1503,1.1121,-0.9511,3.5022,1.8892,14.8793,-6.1669,-4.1931,-3.3503,-4.7371,-4.1503,1.1121,0.9511,-3.5022,1.8892,3.8011,-6.5349
ERR1873306_F_filt.fastq.gz,2,Temperate_deciduous_forests,TEMPERATE_FOREST,-15.3985,-1.0776,1.261,1.2197,-4.0298,-3.4252,4.0492,1.3381,4.1568,4.5497,15.3985,1.0776,-1.261,-1.2197,-4.0298,-3.4252,4.0492,-1.3381,-4.1568,4.5497,3.6613,-6.4767
ERR1873307_F_filt.fastq.gz,1,Savannas,GRASSLAND_SHRUBLAND,-6.6669,-11.3323,5.0685,10.7163,1.6062,-5.5024,1.3937,-2.7138,-2.6265,-2.1719,6.6669,11.3323,-5.0685,-10.7163,1.6062,-5.5024,1.3937,2.7138,2.6265,-2.1719,-1.6772,-4.2331
ERR1873308_F_filt.fastq.gz,1,Savannas,GRASSLAND_SHRUBLAND,-2.9227,-12.0367,4.4973,7.2505,-0.1569,-6.5166,1.7619,-2.172,-4.8778,-1.2892,2.9227,12.0367,-4.4973,-7.2505,-0.1569,-6.5166,1.7619,2.172,4.8778,-1.2892,-1.7357,-3.9715
ERR1873310_F_filt.fastq.gz,16,Temperate_deciduous_forests,TEMPERATE_FOREST,15.4727,-0.5839,-5.1975,-1.6843,0.5579,1.5676,4.1462,3.614,-4.4509,4.2852,-15.4727,0.5839,5.1975,1.6843,0.5579,1.5676,4.1462,-3.614,4.4509,4.2852,-8.6819,6.2658
ERR1873311_F_filt.fastq.gz,12,Temperate_deciduous_forests,TEMPERATE_FOREST,3.2646,2.1785,7.4145,4.0983,0.0729,2.1473,-2.3204,1.8018,-2.0988,-1.7361,-3.2646,-2.1785,-7.4145,-4.0983,0.0729,2.1473,-2.3204,-1.8018,2.0988,-1.7361,-0.3883,-0.37
ERR1873312_F_filt.fastq.gz,1,Moist_tropical_forests,TROPICAL_FOREST,-5.9828,-8.4173,6.3412,8.3115,-3.3914,-5.0418,-0.2359,2.0457,-0.4357,-0.9155,5.9828,8.4173,-6.3412,-8.3115,-3.3914,-5.0418,-0.2359,-2.0457,0.4357,-0.9155,-0.9912,-4.2165
ERR1873314_F_filt.fastq.gz,17,Southern_temperate_forests,TEMPERATE_FOREST,11.9119,2.0121,6.1956,2.6315,5.5248,-1.0307,-0.2777,-1.1494,-1.1408,4.0625,-11.9119,-2.0121,-6.1956,-2.6315,5.5248,-1.0307,-0.2777,1.1494,1.1408,4.0625,-5.3088,10.0723
ERR1873315_F_filt.fastq.gz,8,Temperate_deciduous_forests,TEMPERATE_FOREST,-9.6614,10.0622,4.1521,-7.2086,-0.628,-2.1723,-5.0049,0.2734,-2.4923,-2.752,9.6614,-10.0622,-4.1521,7.2086,-0.628,-2.1723,-5.0049,-0.2734,2.4923,-2.752,7.7674,-4.9863
ERR1873316_F_filt.fastq.gz,2,Temperate_coniferous_forests,TEMPERATE_FOREST,-14.6719,1.8303,-1.0382,-4.5216,-4.513,-3.3238,-2.5001,-3.4389,-2.8974,0.2606,14.6719,-1.8303,1.0382,4.5216,-4.513,-3.3238,-2.5001,3.4389,2.8974,0.2606,6.3113,-7.2449
ERR1873318_F_filt.fastq.gz,1,Dry_tropical_forests,TROPICAL_FOREST,-8.3627,-6.0045,5.7421,2.8619,0.8197,-5.2175,3.2025,-1.0265,1.6302,-0.5132,8.3627,6.0045,-5.7421,-2.8619,0.8197,-5.2175,3.2025,1.0265,-1.6302,-0.5132,-0.4493,-5.7643
ERR1873319_F_filt.fastq.gz,18,Savannas,GRASSLAND_SHRUBLAND,-5.2784,-9.3742,-2.8601,7.9253,-1.2023,0.1526,-2.4328,0.7444,1.2741,3.1412,5.2784,9.3742,2.8601,-7.9253,-1.2023,0.1526,-2.4328,-0.7444,-1.2741,3.1412,-2.7897,-4.9026
ERR1873320_F_filt.fastq.gz,17,Moist_tropical_forests,TROPICAL_FOREST,11.8922,-2.9895,5.2802,-5.3033,-1.3451,1.3148,-0.5918,-4.2695,4.5731,-0.2084,-11.8922,2.9895,-5.2802,5.3033,-1.3451,1.3148,-0.5918,4.2695,-4.5731,-0.2084,-4.3654,8.1787
ERR1873321_F_filt.fastq.gz,16,Boreal_forests,BOREAL_FOREST,13.5037,-0.8216,-8.3254,-4.9532,-2.343,-2.5782,5.3303,3.5015,-0.6458,-2.9543,-13.5037,0.8216,8.3254,4.9532,-2.343,-2.5782,5.3303,-3.5015,0.6458,-2.9543,-7.1984,5.5171
ERR1873322_F_filt.fastq.gz,13,Boreal_forests,BOREAL_FOREST,-3.197,10.7335,-3.5182,1.3162,-6.7791,0.1839,-1.3228,-1.0294,-1.9172,0.8322,3.197,-10.7335,3.5182,-1.3162,-6.7791,0.1839,-1.3228,1.0294,1.9172,0.8322,2.1923,0.2061
ERR1873323_F_filt.fastq.gz,16,Boreal_forests,BOREAL_FOREST,14.8361,-1.4247,-7.0842,-6.0803,-2.5095,-3.1618,5.1037,3.0169,0.3904,-1.1886,-14.8361,1.4247,7.0842,6.0803,-2.5095,-3.1618,5.1037,-3.0169,-0.3904,-1.1886,-7.091,5.8221
ERR1873324_F_filt.fastq.gz,16,Boreal_forests,BOREAL_FOREST,14.5954,-1.62,-5.8788,-3.3522,-2.13,-4.9762,4.3098,1.0209,0.2503,-3.2615,-14.5954,1.62,5.8788,3.3522,-2.13,-4.9762,4.3098,-1.0209,-0.2503,-3.2615,-7.1477,6.2809
ERR1873325_F_filt.fastq.gz,6,Temperate_coniferous_forests,TEMPERATE_FOREST,-4.5327,0.3768,-12.8367,4.9291,-5.7232,3.1314,-1.3668,-6.7609,-0.4652,-1.6775,4.5327,-0.3768,12.8367,-4.9291,-5.7232,3.1314,-1.3668,6.7609,0.4652,-1.6775,5.8816,-1.3826
ERR1873326_F_filt.fastq.gz,16,Temperate_coniferous_forests,TEMPERATE_FOREST,17.184,-0.6187,-8.3279,-6.3143,-2.1392,-2.5142,5.7127,2.0593,-3.1276,-0.1042,-17.184,0.6187,8.3279,6.3143,-2.1392,-2.5142,5.7127,-2.0593,3.1276,-0.1042,-8.2213,5.2449
ERR1873327_F_filt.fastq.gz,17,Moist_tropical_forests,TROPICAL_FOREST,10.3755,-4.7797,5.8844,-5.4156,-1.3359,1.5032,0.0271,-2.8574,1.1558,0.0766,-10.3755,4.7797,-5.8844,5.4156,-1.3359,1.5032,0.0271,2.8574,-1.1558,0.0766,-4.2491,8.8692
ERR1873328_F_filt.fastq.gz,17,Moist_tropical_forests,TROPICAL_FOREST,8.6162,-3.4174,8.2151,-4.0385,1.025,3.6621,-0.9428,-2.1981,0.432,0.0527,-8.6162,3.4174,-8.2151,4.0385,1.025,3.6621,-0.9428,2.1981,-0.432,0.0527,-3.5763,9.1101
ERR1873329_F_filt.fastq.gz,8,Southern_temperate_forests,TEMPERATE_FOREST,-5.8027,10.6135,-0.76,-1.2008,-1.2057,-1.9688,-0.1694,-1.4889,4.0584,1.5176,5.8027,-10.6135,0.76,1.2008,-1.2057,-1.9688,-0.1694,1.4889,-4.0584,1.5176,3.2966,0.2032
ERR1873330_F_filt.fastq.gz,2,Southern_temperate_forests,TEMPERATE_FOREST,-6.8132,9.4105,-6.2844,4.1011,-4.7336,-0.1946,-1.5363,-7.318,3.9785,-1.2036,6.8132,-9.4105,6.2844,-4.1011,-4.7336,-0.1946,-1.5363,7.318,-3.9785,-1.2036,3.7248,-0.2562
ERR1873331_F_filt.fastq.gz,13,Southern_temperate_forests,TEMPERATE_FOREST,-2.1036,7.9481,0.4519,8.1084,-3.7261,-2.5858,1.3649,-6.7101,9.5043,-2.3163,2.1036,-7.9481,-0.4519,-8.1084,-3.7261,-2.5858,1.3649,6.7101,-9.5043,-2.3163,1.7707,3.1544
ERR1873332_F_filt.fastq.gz,16,Southern_temperate_forests,TEMPERATE_FOREST,17.0779,0.5233,-9.9491,-5.1826,-1.3388,-3.0518,5.5288,3.7199,-2.0654,-1.0055,-17.0779,-0.5233,9.9491,5.1826,-1.3388,-3.0518,5.5288,-3.7199,2.0654,-1.0055,-8.1323,5.8558
ERR1873333_F_filt.fastq.gz,2,Mediterrean,MEDITERRANEAN,-9.4997,-3.4041,-6.0404,-2.5369,-8.1578,1.9319,-1.8496,-5.766,1.3699,3.852,9.4997,3.4041,6.0404,2.5369,-8.1578,1.9319,-1.8496,5.766,-1.3699,3.852,6.2866,-2.4578
ERR1873334_F_filt.fastq.gz,18,Mediterrean,MEDITERRANEAN,-14.2268,-2.2086,-8.789,1.2619,-1.7658,-4.9925,-5.4384,-3.2279,4.8079,4.4662,14.2268,2.2086,8.789,-1.2619,-1.7658,-4.9925,-5.4384,3.2279,-4.8079,4.4662,3.9686,-8.9094
ERR1873336_F_filt.fastq.gz,5,-,UNKNOWN,10.4934,2.4845,-0.5214,2.9564,-0.1231,-0.6903,-1.8098,0.7334,1.1579,0.3454,-10.4934,-2.4845,0.5214,-2.9564,-0.1231,-0.6903,-1.8098,-0.7334,-1.1579,0.3454,-3.7133,4.5794
ERR1873337_F_filt.fastq.gz,16,-,UNKNOWN,12.0607,-2.3153,-5.022,-6.5041,-3.8149,-5.1444,4.0423,3.6809,0.1655,-1.2326,-12.0607,2.3153,5.022,6.5041,-3.8149,-5.1444,4.0423,-3.6809,-0.1655,-1.2326,-6.5355,5.7834
ERR1873338_F_filt.fastq.gz,11,-,UNKNOWN,-9.1934,-12.5483,-13.7847,-7.8771,10.5498,0.847,-1.3954,5.494,6.4735,0.0156,9.1934,12.5483,13.7847,7.8771,10.5498,0.847,-1.3954,-5.494,-6.4735,0.0156,4.9213,-11.5154
ERR1873339_F_filt.fastq.gz,11,-,UNKNOWN,-7.5414,-12.3976,-11.2571,-9.7244,13.0045,2.1201,0.3886,1.9656,3.664,-4.5857,7.5414,12.3976,11.2571,9.7244,13.0045,2.1201,0.3886,-1.9656,-3.664,-4.5857,4.9052,-11.532
ERR1873340_F_filt.fastq.gz,17,-,UNKNOWN,10.7738,-2.564,1.1979,-7.6206,-3.5358,3.5684,-0.1186,0.9158,1.8211,-1.5252,-10.7738,2.564,-1.1979,7.6206,-3.5358,3.5684,-0.1186,-0.9158,-1.8211,-1.5252,-4.9728,7.4321
ERR1873342_F_filt.fastq.gz,14,-,UNKNOWN,-7.6282,-0.8142,9.7684,0.2292,-2.6753,0.9122,1.927,6.0102,2.886,-0.9621,7.6282,0.8142,-9.7684,-0.2292,-2.6753,0.9122,1.927,-6.0102,-2.886,-0.9621,1.6987,-4.2662
ERR1873343_F_filt.fastq.gz,18,-,UNKNOWN,-11.6982,-11.777,-3.8639,1.6382,0.3841,-0.1343,-0.056,2.5649,6.938,5.6034,11.6982,11.777,3.8639,-1.6382,0.3841,-0.1343,-0.056,-2.5649,-6.938,5.6034,4.1591,-9.7053
ERR1873344_F_filt.fastq.gz,13,Temperate_deciduous_forests,TEMPERATE_FOREST,0.7739,11.5724,-0.6956,0.2296,0.9269,-1.9985,-1.6618,-4.8579,-1.6009,-0.8083,-0.7739,-11.5724,0.6956,-0.2296,0.9269,-1.9985,-1.6618,4.8579,1.6009,-0.8083,2.6536,1.1012
ERR1873345_F_filt.fastq.gz,8,Temperate_deciduous_forests,TEMPERATE_FOREST,-11.86,7.9858,1.6265,-6.9463,0.2641,-0.7881,0.468,0.4431,1.2081,-2.055,11.86,-7.9858,-1.6265,6.9463,0.2641,-0.7881,0.468,-0.4431,-1.2081,-2.055,7.2398,-4.7462
ERR1873346_F_filt.fastq.gz,8,Temperate_deciduous_forests,TEMPERATE_FOREST,-12.8853,4.7781,1.1823,-9.5606,-5.8286,0.3162,2.3654,1.0576,-3.9661,5.227,12.8853,-4.7781,-1.1823,9.5606,-5.8286,0.3162,2.3654,-1.0576,3.9661,5.227,7.957,-5.9718
ERR1873347_F_filt.fastq.gz,8,Temperate_deciduous_forests,TEMPERATE_FOREST,-14.5272,5.0444,3.3997,-12.0336,-3.7734,-4.9074,0.4566,2.65,-2.182,-0.3053,14.5272,-5.0444,-3.3997,12.0336,-3.7734,-4.9074,0.4566,-2.65,2.182,-0.3053,7.9106,-5.4867
ERR1873348_F_filt.fastq.gz,8,Temperate_deciduous_forests,TEMPERATE_FOREST,-13.142,8.7591,3.1747,-9.5128,-2.6427,-3.8625,-5.1833,2.7005,-3.5061,-1.8275,13.142,-8.7591,-3.1747,9.5128,-2.6427,-3.8625,-5.1833,-2.7005,3.5061,-1.8275,8.1085,-5.2267
ERR1873349_F_filt.fastq.gz,8,Temperate_deciduous_forests,TEMPERATE_FOREST,-14.8868,12.5992,0.7128,-6.0982,-5.9542,-0.9905,-2.3106,-3.4133,-3.021,-3.3777,14.8868,-12.5992,-0.7128,6.0982,-5.9542,-0.9905,-2.3106,3.4133,3.021,-3.3777,8.57,-4.7216
ERR1873350_F_filt.fastq.gz,2,-,UNKNOWN,-13.4503,-5.8815,0.8997,5.1148,-6.8667,4.9164,3.6584,-1.749,-0.5988,-2.573,13.4503,5.8815,-0.8997,-5.1148,-6.8667,4.9164,3.6584,1.749,0.5988,-2.573,0.9641,-6.6109
ERR1873351_F_filt.fastq.gz,2,-,UNKNOWN,-13.9019,-9.0057,-1.2194,6.8169,1.073,-0.3937,3.9472,-5.0851,-0.5721,-1.5156,13.9019,9.0057,1.2194,-6.8169,1.073,-0.3937,3.9472,5.0851,0.5721,-1.5156,0.6321,-7.2788
ERR1873352_F_filt.fastq.gz,8,-,UNKNOWN,-15.6416,3.9953,-0.1835,-13.2347,-3.6956,0.6203,-0.4151,1.2008,-5.33,-4.3752,15.6416,-3.9953,0.1835,13.2347,-3.6956,0.6203,-0.4151,-1.2008,5.33,-4.3752,9.0038,-5.7808
ERR1873353_F_filt.fastq.gz,2,-,UNKNOWN,-15.099,3.3576,-5.5756,-5.0371,-1.5829,1.3289,-0.7468,-6.2008,-4.3472,-6.1798,15.099,-3.3576,5.5756,5.0371,-1.5829,1.3289,-0.7468,6.2008,4.3472,-6.1798,7.4451,-7.4338
ERR1873354_F_filt.fastq.gz,19,-,UNKNOWN,-2.3537,3.7624,-5.8353,-6.8884,3.5137,0.6176,-6.1802,-3.5883,-5.8136,-11.7679,2.3537,-3.7624,5.8353,6.8884,3.5137,0.6176,-6.1802,3.5883,5.8136,-11.7679,7.9229,-1.7258
ERR1873355_F_filt.fastq.gz,8,-,UNKNOWN,-16.5779,4.895,2.7414,-5.2961,3.8946,-4.12,3.0595,-0.8059,0.0933,2.4192,16.5779,-4.895,-2.7414,5.2961,3.8946,-4.12,3.0595,0.8059,-0.0933,2.4192,5.9891,-5.4119
ERR1873356_F_filt.fastq.gz,8,-,UNKNOWN,-12.3645,5.6772,7.2583,-1.7532,10.416,0.227,2.4432,-1.4985,1.3822,-4.5997,12.3645,-5.6772,-7.2583,1.7532,10.416,0.227,2.4432,1.4985,-1.3822,-4.5997,5.3829,-4.6346
ERR1873358_F_filt.fastq.gz,8,-,UNKNOWN,-16.2098,2.3237,4.0736,-7.5524,9.0109,-4.2441,-1.299,1.2633,-3.1479,-2.4275,16.2098,-2.3237,-4.0736,7.5524,9.0109,-4.2441,-1.299,-1.2633,3.1479,-2.4275,5.5533,-5.1522
ERR1873359_F_filt.fastq.gz,8,-,UNKNOWN,-13.5489,4.3556,0.5382,-7.7341,-0.4826,-1.5535,1.1153,1.4639,-5.1273,5.2794,13.5489,-4.3556,-0.5382,7.7341,-0.4826,-1.5535,1.1153,-1.4639,5.1273,5.2794,7.3105,-6.1851
ERR1873360_F_filt.fastq.gz,8,-,UNKNOWN,-12.8573,4.1169,2.9896,-6.0642,6.6443,-7.4063,4.3198,-0.0974,-2.3102,-0.3193,12.8573,-4.1169,-2.9896,6.0642,6.6443,-7.4063,4.3198,0.0974,2.3102,-0.3193,5.4758,-5.2145
ERR1873361_F_filt.fastq.gz,14,-,UNKNOWN,-9.4347,-1.0639,3.9631,2.78,-9.6534,10.896,2.8997,2.4189,4.861,-2.3148,9.4347,1.0639,-3.9631,-2.78,-9.6534,10.896,2.8997,-2.4189,-4.861,-2.3148,2.1597,-5.2739
ERR1873362_F_filt.fastq.gz,2,-,UNKNOWN,-12.4285,-8.0666,3.7514,3.3991,0.4759,-0.7297,7.4656,0.5189,1.775,-1.578,12.4285,8.0666,-3.7514,-3.3991,0.4759,-0.7297,7.4656,-0.5189,-1.775,-1.578,-0.3178,-7.2704
ERR1873363_F_filt.fastq.gz,11,-,UNKNOWN,-10.2433,-14.8288,-13.12,-6.4474,6.5059,2.1111,-6.2396,2.3546,1.8621,0.6697,10.2433,14.8288,13.12,6.4474,6.5059,2.1111,-6.2396,-2.3546,-1.8621,0.6697,4.8132,-11.2134
ERR1873364_F_filt.fastq.gz,18,-,UNKNOWN,-14.0358,-8.4065,-9.5171,-2.4378,0.2037,1.1745,-4.1567,0.352,-2.392,8.1672,14.0358,8.4065,9.5171,2.4378,0.2037,1.1745,-4.1567,-0.352,2.392,8.1672,5.3098,-9.555
ERR1873365_F_filt.fastq.gz,2,-,UNKNOWN,-16.6973,-0.0076,-9.2036,-2.9846,-6.3576,2.1602,-3.7436,-1.1854,-2.0087,1.1683,16.6973,0.0076,9.2036,2.9846,-6.3576,2.1602,-3.7436,1.1854,2.0087,1.1683,6.5095,-8.6591
ERR1873367_F_filt.fastq.gz,2,-,UNKNOWN,-6.0899,1.8103,-1.7907,-2.8882,0.9755,-0.8133,-1.6008,-4.4566,-1.6544,-1.6693,6.0899,-1.8103,1.7907,2.8882,0.9755,-0.8133,-1.6008,4.4566,1.6544,-1.6693,7.4823,-2.2551
ERR1873368_F_filt.fastq.gz,17,-,UNKNOWN,13.0285,-6.9921,2.11,-3.3583,-3.5172,-2.9378,2.6355,-3.7116,0.7839,0.9816,-13.0285,6.9921,-2.11,3.3583,-3.5172,-2.9378,2.6355,3.7116,-0.7839,0.9816,-6.0926,8.7418
ERR1873369_F_filt.fastq.gz,14,-,UNKNOWN,-3.4524,4.7181,10.5583,1.2852,8.4029,-1.7266,1.7196,-1.6108,6.2002,-1.8256,3.4524,-4.7181,-10.5583,-1.2852,8.4029,-1.7266,1.7196,1.6108,-6.2002,-1.8256,2.0963,-2.1254
ERR1873370_F_filt.fastq.gz,2,-,UNKNOWN,-17.2166,-4.6094,-3.4988,-6.6453,4.3194,-3.5713,-9.0614,-0.4196,-1.3229,1.9888,17.2166,4.6094,3.4988,6.6453,4.3194,-3.5713,-9.0614,0.4196,1.3229,1.9888,5.8648,-8.5763
ERR1873374_F_filt.fastq.gz,11,-,UNKNOWN,-10.4087,-15.9045,-14.6801,-0.2977,6.7752,2.7279,-2.9704,1.3633,4.6653,0.4021,10.4087,15.9045,14.6801,0.2977,6.7752,2.7279,-2.9704,-1.3633,-4.6653,0.4021,4.4754,-10.9823
ERR1873375_F_filt.fastq.gz,18,-,UNKNOWN,-14.6642,-6.1438,-5.9785,-2.7657,2.8043,-2.0725,-4.5774,1.9196,4.4651,-1.6141,14.6642,6.1438,5.9785,2.7657,2.8043,-2.0725,-4.5774,-1.9196,-4.4651,-1.6141,5.4179,-8.9555
ERR1873376_F_filt.fastq.gz,2,-,UNKNOWN,-15.4601,2.1661,-7.1252,-4.429,-6.4046,6.3776,0.0147,-2.5037,1.3037,0.8449,15.4601,-2.1661,7.1252,4.429,-6.4046,6.3776,0.0147,2.5037,-1.3037,0.8449,7.9549,-8.165
ERR1873377_F_filt.fastq.gz,17,-,UNKNOWN,15.721,-1.601,8.6653,-5.3231,-1.318,0.4677,-3.5297,-1.119,-0.0009,-0.3025,-15.721,1.601,-8.6653,5.3231,-1.318,0.4677,-3.5297,1.119,0.0009,-0.3025,-3.459,7.5465
ERR1873378_F_filt.fastq.gz,14,-,UNKNOWN,-11.0984,-2.3931,5.8997,5.2701,-2.8454,2.0205,6.0375,2.4614,4.8195,-0.7747,11.0984,2.3931,-5.8997,-5.2701,-2.8454,2.0205,6.0375,-2.4614,-4.8195,-0.7747,2.831,-4.4807
ERR1873379_F_filt.fastq.gz,17,-,UNKNOWN,15.9008,2.2052,1.8733,-2.9469,0.1755,-1.7651,-2.12,-0.0148,3.8827,-1.5203,-15.9008,-2.2052,-1.8733,2.9469,0.1755,-1.7651,-2.12,0.0148,-3.8827,-1.5203,-4.4459,5.6675
ERR1873380_F_filt.fastq.gz,14,-,UNKNOWN,-8.6306,0.9883,7.0963,-1.2474,-0.7082,-2.6355,5.1446,6.925,4.6304,-2.079,8.6306,-0.9883,-7.0963,1.2474,-0.7082,-2.6355,5.1446,-6.925,-4.6304,-2.079,2.4152,-4.2689
ERR1873381_F_filt.fastq.gz,17,-,UNKNOWN,3.851,-2.6129,12.942,4.4729,1.1944,0.6364,-5.7415,-0.5441,-5.5012,-1.9591,-3.851,2.6129,-12.942,-4.4729,1.1944,0.6364,-5.7415,0.5441,5.5012,-1.9591,-1.2559,-1.7365
ERR1877971_F_filt.fastq.gz,10,Temperate_coniferous_forests,TEMPERATE_FOREST,11.3969,3.9589,-2.4619,3.8278,3.5852,2.5983,-6.3314,4.6838,-2.2939,5.6374,-11.3969,-3.9589,2.4619,-3.8278,3.5852,2.5983,-6.3314,-4.6838,2.2939,5.6374,-2.5551,3.9315
ERR1877973_F_filt.fastq.gz,17,-,UNKNOWN,17.0532,-2.4008,-1.5251,-5.7365,-2.7844,-2.3933,-1.9308,-3.3478,3.3662,-3.9465,-17.0532,2.4008,1.5251,5.7365,-2.7844,-2.3933,-1.9308,3.3478,-3.3662,-3.9465,-5.4033,5.797
ERR2602433_F_filt.fastq.gz,19,Temperate_coniferous_forests,TEMPERATE_FOREST,11.0107,3.9279,2.8782,0.8104,5.8744,1.9573,-1.8823,-0.1397,-3.9712,8.2554,-11.0107,-3.9279,-2.8782,-0.8104,5.8744,1.9573,-1.8823,0.1397,3.9712,8.2554,-1.0874,5.7825
ERR2602434_F_filt.fastq.gz,5,Mediterrean,MEDITERRANEAN,8.3943,0.1144,-4.5254,4.3859,0.9904,8.434,1.0093,3.7699,1.1708,-1.5267,-8.3943,-0.1144,4.5254,-4.3859,0.9904,8.434,1.0093,-3.7699,-1.1708,-1.5267,-6.2274,2.4176
ERR2602435_F_filt.fastq.gz,1,Savannas,GRASSLAND_SHRUBLAND,0.1955,-12.0802,2.7603,5.7841,2.2308,-2.4875,2.8953,-3.4156,-2.769,-1.3829,-0.1955,12.0802,-2.7603,-5.7841,2.2308,-2.4875,2.8953,3.4156,2.769,-1.3829,-3.2696,-3.8318
ERR2602436_F_filt.fastq.gz,19,Temperate_coniferous_forests,TEMPERATE_FOREST,-1.8323,5.1639,2.4966,0.4604,11.0876,2.0941,5.59,0.3452,1.9285,1.3785,1.8323,-5.1639,-2.4966,-0.4604,11.0876,2.0941,5.59,-0.3452,-1.9285,1.3785,5.2492,1.1404
ERR2602438_F_filt.fastq.gz,1,Dry_tropical_forests,TROPICAL_FOREST,-3.5956,-7.4323,6.9186,4.9752,0.9709,-6.2029,0.6522,-3.4345,-3.8287,-0.7722,3.5956,7.4323,-6.9186,-4.9752,0.9709,-6.2029,0.6522,3.4345,3.8287,-0.7722,-1.1821,-5.1485
ERR2602439_F_filt.fastq.gz,19,Temperate_deciduous_forests,TEMPERATE_FOREST,6.1669,7.7984,-2.2565,0.5007,6.8258,5.5941,3.8592,0.1452,-4.7646,2.5434,-6.1669,-7.7984,2.2565,-0.5007,6.8258,5.5941,3.8592,-0.1452,4.7646,2.5434,0.1876,6.7106
ERR2602440_F_filt.fastq.gz,19,Temperate_deciduous_forests,TEMPERATE_FOREST,-1.4702,6.6345,-0.6074,-0.4825,12.638,-0.7407,-0.1321,0.7506,-0.9919,-0.4231,1.4702,-6.6345,0.6074,0.4825,12.638,-0.7407,-0.1321,-0.7506,0.9919,-0.4231,4.7774,1.4085
ERR2602441_F_filt.fastq.gz,20,Grasslands_and_shrublands,GRASSLAND_SHRUBLAND,-5.2171,-0.1942,-3.7334,6.3923,12.0606,7.1659,7.1514,-7.7482,-2.444,-6.1352,5.2171,0.1942,3.7334,-6.3923,12.0606,7.1659,7.1514,7.7482,2.444,-6.1352,5.9098,0.7143
ERR2602442_F_filt.fastq.gz,20,Temperate_deciduous_forests,TEMPERATE_FOREST,-11.9014,-0.1815,-3.0913,7.1162,-0.0758,12.2046,12.9574,-1.1448,1.0564,3.0626,11.9014,0.1815,3.0913,-7.1162,-0.0758,12.2046,12.9574,1.1448,-1.0564,3.0626,4.3195,-2.014
ERR2602443_F_filt.fastq.gz,20,Temperate_deciduous_forests,TEMPERATE_FOREST,-10.8641,5.9556,-5.842,4.3721,-1.2945,10.8956,6.8886,-4.8756,-2.1257,-1.0377,10.8641,-5.9556,5.842,-4.3721,-1.2945,10.8956,6.8886,4.8756,2.1257,-1.0377,4.3961,-1.902
ERR2602445_F_filt.fastq.gz,9,Dry_tropical_forests,TROPICAL_FOREST,4.6051,-0.2786,1.1334,0.2763,1.689,4.9716,0.2512,-1.3209,-6.3744,5.3616,-4.6051,0.2786,-1.1334,-0.2763,1.689,4.9716,0.2512,1.3209,6.3744,5.3616,-0.5437,7.104
ERR2602446_F_filt.fastq.gz,4,Temperate_deciduous_forests,TEMPERATE_FOREST,0.1877,9.4616,3.8125,3.2406,9.3559,5.587,2.3159,-3.3061,0.5944,1.3426,-0.1877,-9.4616,-3.8125,-3.2406,9.3559,5.587,2.3159,3.3061,-0.5944,1.3426,4.6812,1.829
ERR2602447_F_filt.fastq.gz,20,Boreal_forests,BOREAL_FOREST,-6.7517,9.7135,1.8414,6.1785,4.5945,2.3922,4.5144,-4.8442,-1.8294,0.8816,6.7517,-9.7135,-1.8414,-6.1785,4.5945,2.3922,4.5144,4.8442,1.8294,0.8816,3.6379,2.0528
ERR2602448_F_filt.fastq.gz,14,Dry_tropical_forests,TROPICAL_FOREST,-9.7736,-0.0999,6.6504,-3.3251,-7.335,4.859,3.97,3.7515,-0.4544,2.8334,9.7736,0.0999,-6.6504,3.3251,-7.335,4.859,3.97,-3.7515,0.4544,2.8334,2.1548,-5.586
ERR2602449_F_filt.fastq.gz,2,Mediterrean,MEDITERRANEAN,-11.9774,-5.1055,-8.9236,-6.925,8.4465,5.5434,-1.8097,1.5914,8.9389,4.1097,11.9774,5.1055,8.9236,6.925,8.4465,5.5434,-1.8097,-1.5914,-8.9389,4.1097,6.2975,-9.9749
ERR2602450_F_filt.fastq.gz,17,Moist_tropical_forests,TROPICAL_FOREST,8.206,2.6161,4.5771,-2.439,7.4215,6.7641,0.3393,-0.7598,-3.2842,0.67,-8.206,-2.6161,-4.5771,2.439,7.4215,6.7641,0.3393,0.7598,3.2842,0.67,-0.5216,5.9712
ERR2602451_F_filt.fastq.gz,2,Mediterrean,MEDITERRANEAN,-16.8484,-1.0155,-7.3819,-5.9788,5.6147,3.3991,-2.7768,-0.1669,2.5425,6.1264,16.8484,1.0155,7.3819,5.9788,5.6147,3.3991,-2.7768,0.1669,-2.5425,6.1264,6.5693,-9.5348
ERR2602452_F_filt.fastq.gz,17,Moist_tropical_forests,TROPICAL_FOREST,14.4392,-2.4432,5.4151,-6.7534,0.1639,5.1471,1.278,-2.3891,4.3489,0.0287,-14.4392,2.4432,-5.4151,6.7534,0.1639,5.1471,1.278,2.3891,-4.3489,0.0287,-3.971,8.1671
ERR2602455_F_filt.fastq.gz,20,Southern_temperate_forests,TEMPERATE_FOREST,-3.6792,12.2086,-7.9549,5.6873,2.836,2.6978,2.1415,-0.9686,2.8679,-1.2426,3.6792,-12.2086,7.9549,-5.6873,2.836,2.6978,2.1415,0.9686,-2.8679,-1.2426,2.9238,2.1789
ERR2602456_F_filt.fastq.gz,20,Southern_temperate_forests,TEMPERATE_FOREST,-5.6477,10.618,-1.968,7.4091,2.5717,-1.4849,0.6136,-2.9211,1.6986,1.0907,5.6477,-10.618,1.968,-7.4091,2.5717,-1.4849,0.6136,2.9211,-1.6986,1.0907,3.1055,2.0352
ERR2602457_F_filt.fastq.gz,10,Southern_temperate_forests,TEMPERATE_FOREST,11.5708,10.7971,-10.9935,6.3842,2.5383,-1.2532,-3.163,1.9848,-2.9463,1.6825,-11.5708,-10.7971,10.9935,-6.3842,2.5383,-1.2532,-3.163,-1.9848,2.9463,1.6825,-1.549,3.5289
ERR2602458_F_filt.fastq.gz,17,Moist_tropical_forests,TROPICAL_FOREST,9.9994,-3.0654,8.1606,-4.69,0.7002,5.2413,0.2051,-3.5219,3.5971,2.2507,-9.9994,3.0654,-8.1606,4.69,0.7002,5.2413,0.2051,3.5219,-3.5971,2.2507,-3.5989,8.517
ERR2602459_F_filt.fastq.gz,17,Boreal_forests,BOREAL_FOREST,13.7638,-3.1932,-2.4338,-1.3391,0.3479,-3.5573,4.6348,-2.4808,2.6429,3.4935,-13.7638,3.1932,2.4338,1.3391,0.3479,-3.5573,4.6348,2.4808,-2.6429,3.4935,-6.7741,8.2999
ERR2602460_F_filt.fastq.gz,19,Temperate_deciduous_forests,TEMPERATE_FOREST,0.1434,4.007,1.9127,14.6016,9.7765,-4.8249,2.0197,-0.9947,2.9328,1.4069,-0.1434,-4.007,-1.9127,-14.6016,9.7765,-4.8249,2.0197,0.9947,-2.9328,1.4069,1.5809,2.4308
ERR2602461_F_filt.fastq.gz,20,Temperate_deciduous_forests,TEMPERATE_FOREST,-9.7099,1.0449,2.5413,3.1851,7.5077,3.5998,7.662,-1.9425,-0.0218,2.9298,9.7099,-1.0449,-2.5413,-3.1851,7.5077,3.5998,7.662,1.9425,0.0218,2.9298,3.7362,-3.1809
ERR2602463_F_filt.fastq.gz,1,Savannas,GRASSLAND_SHRUBLAND,-4.3061,-7.7961,1.3449,12.4934,1.7575,-0.8181,3.2233,0.2317,-4.3744,6.0064,4.3061,7.7961,-1.3449,-12.4934,1.7575,-0.8181,3.2233,-0.2317,4.3744,6.0064,-2.5924,-4.4356
ERR2602464_F_filt.fastq.gz,2,Dry_tropical_forests,TROPICAL_FOREST,-10.7615,-6.7274,1.8605,0.4388,0.0093,-2.3698,5.0192,-3.5163,-2.0768,2.6698,10.7615,6.7274,-1.8605,-0.4388,0.0093,-2.3698,5.0192,3.5163,2.0768,2.6698,-0.1452,-5.7912
ERR2602465_F_filt.fastq.gz,1,Savannas,GRASSLAND_SHRUBLAND,-1.8562,-10.8134,1.4349,9.0988,2.4037,-4.9108,-1.6047,-2.0964,-3.8076,-0.1783,1.8562,10.8134,-1.4349,-9.0988,2.4037,-4.9108,-1.6047,2.0964,3.8076,-0.1783,-2.8172,-4.0514
ERR2602466_F_filt.fastq.gz,16,Boreal_forests,BOREAL_FOREST,13.3803,7.7076,-4.0281,0.129,5.5193,-6.0765,5.227,-2.3115,-2.3898,2.017,-13.3803,-7.7076,4.0281,-0.129,5.5193,-6.0765,5.227,2.3115,2.3898,2.017,-9.6391,5.9446
ERR2602467_F_filt.fastq.gz,20,Temperate_coniferous_forests,TEMPERATE_FOREST,-7.6931,3.3697,-13.6627,4.545,4.2274,7.0229,1.117,-9.9714,-2.8825,-2.4211,7.6931,-3.3697,13.6627,-4.545,4.2274,7.0229,1.117,9.9714,2.8825,-2.4211,5.6074,-0.9283
ERR2602468_F_filt.fastq.gz,10,Southern_temperate_forests,TEMPERATE_FOREST,9.2829,7.298,-6.887,5.7174,7.4375,0.3919,4.0934,0.5727,-6.273,3.3675,-9.2829,-7.298,6.887,-5.7174,7.4375,0.3919,4.0934,-0.5727,6.273,3.3675,-9.5296,7.7128
